trial,cells_removed
0,2500
1,1
2,1
3,1
4,2500
5,2499
6,2499
7,1
8,2497
9,2499
10,1
11,2498
12,2
13,1
14,1
15,2499
16,2499
17,2497
18,2500
19,2497
20,1
21,1
22,2500
23,2498
24,2500
25,2499
26,2500
27,2500
28,2496
29,1
30,1
31,2499
32,2496
33,1
34,2500
35,1
36,1
37,1
38,2500
39,1
40,1
41,2499
42,2500
43,1
44,2498
45,2497
46,2498
47,2496
48,1
49,2
50,1
51,1
52,3
53,2500
54,2498
55,1
56,2497
57,1
58,2500
59,1
60,2500
61,3
62,2500
63,2498
64,2494
65,2499
66,2
67,2500
68,1
69,2
70,2499
71,2499
72,2498
73,1
74,1
75,2499
76,2497
77,1
78,1
79,5
80,2499
81,1
82,1
83,2498
84,2500
85,1
86,2500
87,2498
88,2497
89,2500
90,5
91,1
92,2500
93,8
94,3
95,2
96,2499
97,1
98,2500
99,2499
100,2499
101,1
102,2500
103,2499
104,2
105,2
106,2500
107,1
108,4
109,1
110,1
111,2499
112,1
113,1
114,1
115,2497
116,1
117,1
118,2
119,2499
120,2500
121,2500
122,1
123,1
124,2500
125,2498
126,2
127,2499
128,2500
129,5
130,1
131,1
132,1
133,1
134,1
135,2500
136,1
137,1
138,1
139,2
140,1
141,2500
142,1
143,4
144,2499
145,4
146,2499
147,2497
148,1
149,2499
150,2499
151,2
152,1
153,1
154,2499
155,2500
156,2499
157,2500
158,2497
159,1
160,1
161,2498
162,1
163,2498
164,2500
165,2499
166,2499
167,2499
168,1
169,1
170,2
171,1
172,2499
173,2498
174,1
175,2499
176,1
177,2500
178,2
179,3
180,2
181,2500
182,3
183,2499
184,2498
185,2500
186,2
187,1
188,2
189,2500
190,1
191,2498
192,2
193,2499
194,2
195,1
196,3
197,5
198,1
199,2498
200,2500
201,2497
202,2500
203,6
204,2
205,2499
206,2500
207,2500
208,2500
209,10
210,1
211,2498
212,2500
213,2499
214,2
215,2500
216,1
217,2500
218,2499
219,2500
220,2500
221,2500
222,1
223,2499
224,2500
225,1
226,2498
227,2499
228,1
229,3
230,1
231,2
232,2497
233,1
234,1
235,2498
236,1
237,2499
238,2500
239,1
240,2499
241,2499
242,2500
243,3
244,7
245,1
246,2500
247,2500
248,2498
249,2498
250,1
251,1
252,1
253,10
254,2497
255,2499
256,2500
257,1
258,2500
259,1
260,2499
261,2498
262,2
263,2500
264,2499
265,1
266,2497
267,1
268,4
269,2
270,6
271,2499
272,1
273,1
274,4
275,2499
276,2499
277,2498
278,2499
279,2499
280,1
281,1
282,2499
283,2500
284,4
285,4
286,1
287,2498
288,2499
289,2498
290,2499
291,2499
292,2498
293,2500
294,2500
295,1
296,1
297,2500
298,2498
299,2500
