theta,unremediated,overload,false_positive,total_damage,susceptibility
0.7000,0.001050,0.652300,0.346800,1.000150,0.00000004
0.7200,0.001950,0.782500,0.215750,1.000200,0.00000008
0.7400,0.003950,0.830300,0.166050,1.000300,0.00000011
0.7600,0.004100,0.830700,0.165300,1.000100,0.00000003
0.7800,0.003550,0.790750,0.205850,1.000150,0.00000004
0.8000,0.004250,0.736950,0.259000,1.000200,0.00000004
0.8200,0.005100,0.674900,0.320150,1.000150,0.00000016
0.8400,0.005200,0.664450,0.330400,1.000050,0.00000002
0.8600,0.009000,0.680200,0.310900,1.000100,0.00000003
0.8800,0.011700,0.719100,0.269350,1.000150,0.00000008
0.9000,0.016850,0.690200,0.270600,0.977650,0.00221198
0.9200,0.019650,0.736150,0.232450,0.988250,0.00081364
0.9400,0.028150,0.382550,0.105600,0.516300,0.15559367
0.9600,0.040250,0.180750,0.037850,0.258850,0.03234306
0.9800,0.067800,0.088450,0.014300,0.170550,0.02967740
1.0000,0.143650,0.014150,0.003900,0.161700,0.00145715
1.0200,0.353850,0.002400,0.001100,0.357350,0.00235416
1.0400,1.076000,0.000000,0.000200,1.076200,0.02021168
1.0600,2.084500,0.000050,0.000000,2.084550,0.02717940
1.0800,2.108250,0.000000,0.000000,2.108250,0.06085108
1.1000,2.285350,0.000000,0.000000,2.285350,0.09290204
1.1200,2.284650,0.000000,0.000000,2.284650,0.05849724
1.1400,2.271850,0.000000,0.000000,2.271850,0.18698488
1.1600,2.251800,0.000000,0.000000,2.251800,0.11016616
1.1800,2.026900,0.000000,0.000000,2.026900,0.03697323
1.2000,2.233000,0.000000,0.000000,2.233000,0.08432704
